szerokosc przekroju;wysokosc przekroju;rozpietosc;stopien zbrojenia;srednica zbrojenia;otulina;Modul Younga stali;Modul Younga betonu;Wytrzymalosc betonu na rozciaganie;Obciazenie;UgiÄ™cia
0.15;0.2;2.8;0.5;0.008;0.025;200;28;2;35;0.029773317
0.21;0.35;5.9;0.6;0.021;0.035;200;29;2.7;41.2;0.03379804
0.15;0.28;6.6;0.94;0.02;0.038;200;29;2.6;44.6;0.119295663
0.17;0.28;7.8;0.89;0.025;0.038;200;32;2.4;37.9;0.155963987
0.21;0.32;6;1.09;0.02;0.04;200;29;2.4;44.3;0.034935416
0.2;0.21;3.2;1;0.021;0.038;200;29;2.4;42.5;0.027017509
0.15;0.26;7.6;0.72;0.024;0.032;200;31;2.3;39.1;0.242514636
0.18;0.23;3.2;1.05;0.014;0.039;200;29;2.2;44.6;0.0205413
0.18;0.31;4.3;0.51;0.015;0.036;200;32;2.4;37.9;0.023971871
0.17;0.27;3.5;0.6;0.009;0.031;200;32;2.5;44.6;0.020917198
0.24;0.3;4.1;1.27;0.008;0.028;200;33;2.2;35.7;0.006218033
0.25;0.23;2.9;0.64;0.011;0.027;200;28;2.4;36.4;0.010056653
0.24;0.4;2.9;1.05;0.014;0.028;200;29;2.4;38.4;0.000381051
0.16;0.38;5.6;1.06;0.015;0.032;200;32;2.6;40.6;0.016538219
0.23;0.38;7.9;0.72;0.024;0.034;200;31;2.8;38.4;0.044061773
0.18;0.3;7.4;0.98;0.012;0.027;200;30;2.2;35.2;0.068955191
0.21;0.22;5.2;0.96;0.019;0.031;200;30;2.5;43;0.084325083
0.22;0.24;6.3;0.91;0.011;0.037;200;31;2.7;42.2;0.108957856
0.23;0.28;4.5;1.23;0.015;0.037;200;31;2.2;37.8;0.015098676
0.24;0.33;5.5;0.68;0.015;0.038;200;33;2.2;44.3;0.028415493
0.23;0.33;6.9;0.61;0.013;0.031;200;29;2.5;44.4;0.060929113
0.21;0.36;6;0.72;0.012;0.039;200;30;2.2;40.9;0.027709841
0.19;0.4;3.9;0.54;0.019;0.028;200;32;2.3;37.4;0.005614839
0.16;0.34;5.9;0.59;0.021;0.027;200;33;2.6;36;0.040183679
0.2;0.36;2.8;0.99;0.017;0.037;200;31;2.7;37.2;0.001267589
0.23;0.4;3.4;1.16;0.02;0.033;200;33;2.6;37.5;0.000959556
0.16;0.22;4.9;0.79;0.017;0.029;200;28;2.5;38.5;0.09362146
0.23;0.33;6.3;0.9;0.015;0.028;200;30;2.5;36.8;0.02625194
0.22;0.24;2.9;0.64;0.011;0.038;200;31;2.1;39.4;0.012985626
0.21;0.33;5.2;1.16;0.011;0.025;200;31;2.2;40.7;0.013921383
0.17;0.21;4.5;1.1;0.014;0.028;200;31;2.3;39.6;0.060056283
0.19;0.28;4.7;0.56;0.009;0.026;200;28;2.8;41.8;0.037913539
0.24;0.38;7.6;0.76;0.021;0.037;200;32;2.4;42.3;0.040820102
0.24;0.21;3.2;0.74;0.019;0.033;200;32;2.1;41.3;0.024393766
0.16;0.26;3.1;1.19;0.01;0.031;200;29;2.3;40;0.009162518
0.2;0.21;7.1;0.92;0.018;0.026;200;31;2.1;37;0.216851255
0.22;0.31;7.7;0.51;0.022;0.029;200;31;2.1;43.5;0.129172544
0.15;0.28;7.6;0.68;0.015;0.036;200;30;2.6;38.4;0.190473206
0.19;0.3;7.7;0.6;0.02;0.032;200;30;2.7;38.9;0.133874403
0.16;0.35;6.7;0.96;0.017;0.027;200;31;2.2;43.2;0.043609817
0.17;0.38;8;1.22;0.008;0.031;200;30;2.4;38.9;0.039158305
0.19;0.28;3.1;1.25;0.01;0.026;200;29;2.5;37.5;0.004512462
0.21;0.27;6.7;1.22;0.025;0.036;200;28;2.4;43.6;0.081997586
0.22;0.39;3.9;0.69;0.01;0.033;200;31;2.1;35.9;0.003986327
0.18;0.33;5;0.74;0.01;0.034;200;28;2.7;43.2;0.024659838
0.25;0.31;7;0.81;0.009;0.035;200;31;2.3;40.5;0.0529273
0.24;0.27;5;0.54;0.011;0.027;200;30;2.3;39.8;0.040876066
0.18;0.27;4.6;0.56;0.011;0.031;200;29;2.3;42;0.046640541
0.21;0.25;6.2;1.28;0.011;0.03;200;31;2.8;41.4;0.063180216
0.2;0.31;3.7;0.72;0.017;0.027;200;30;2.6;40.2;0.009552244
0.22;0.32;4.1;1.23;0.011;0.033;200;29;2.7;43.4;0.007398035
0.2;0.24;6.2;0.98;0.013;0.033;200;32;2.6;40.8;0.09908902
0.23;0.35;5.4;0.92;0.021;0.037;200;33;2.1;35.2;0.013923831
0.24;0.21;6.1;0.72;0.013;0.028;200;32;2.3;40.7;0.150514632
0.24;0.23;5.7;1.21;0.017;0.032;200;31;2.4;40.9;0.064721058
0.21;0.3;5.7;1.09;0.016;0.026;200;32;2.5;35.7;0.024070007
0.18;0.32;4;0.71;0.017;0.03;200;29;2.2;43.2;0.014410488
0.22;0.36;4.7;1.24;0.01;0.027;200;32;2.5;39.8;0.006144543
0.21;0.23;3.7;0.6;0.021;0.029;200;31;2.5;35.4;0.029600067
0.21;0.34;4.7;1.19;0.024;0.033;200;30;2.4;40.4;0.010147315
0.15;0.33;5.4;1.19;0.019;0.029;200;29;2.6;43.9;0.02627105
0.24;0.37;2.9;1.21;0.013;0.039;200;30;2.1;39.6;0.001032106
0.16;0.26;3.3;1.25;0.009;0.033;200;32;2.4;35.2;0.009249924
0.24;0.38;2.9;0.98;0.011;0.033;200;32;2.5;36.9;0.000625642
0.21;0.25;4.2;0.67;0.023;0.032;200;29;2.7;43.9;0.039206735
0.24;0.29;7;1;0.009;0.026;200;29;2.3;40.5;0.053723483
0.15;0.29;4.9;0.57;0.022;0.039;200;30;2.5;36.5;0.052913129
0.16;0.35;4.1;1.04;0.012;0.031;200;33;2.3;35.8;0.007219759
0.16;0.24;5.1;0.53;0.011;0.031;200;30;2.6;44.5;0.120468241
0.16;0.32;7.2;1.07;0.008;0.035;200;31;2.5;42.5;0.068782694
0.24;0.36;7.6;0.58;0.019;0.039;200;32;2.3;41.9;0.062406249
0.19;0.4;4;0.67;0.016;0.027;200;31;2.3;37.7;0.004984612
0.16;0.38;3.4;0.72;0.009;0.038;200;29;2.2;42.1;0.005258787
0.18;0.4;6.5;1.05;0.009;0.038;200;31;2.2;40.9;0.020607806
0.21;0.38;5.5;0.73;0.011;0.039;200;31;2.7;41;0.016414444
0.19;0.36;4.2;0.64;0.014;0.037;200;29;2.6;35.8;0.009109828
0.21;0.32;4.1;0.52;0.012;0.03;200;30;2.1;37.7;0.014272979
0.23;0.28;6;0.83;0.009;0.028;200;31;2.5;37.9;0.043132456
0.22;0.24;4.4;1.26;0.018;0.029;200;30;2.3;36.3;0.022617068
0.23;0.3;7.7;1;0.016;0.037;200;29;2;41.5;0.081935515
0.23;0.26;3.2;1.03;0.011;0.033;200;33;2.1;35.2;0.006662987
0.24;0.29;4.7;0.89;0.023;0.039;200;32;2.5;44.7;0.024047973
0.23;0.27;4;0.59;0.011;0.025;200;32;2;36.5;0.017747523
0.21;0.4;6.4;1.26;0.016;0.033;200;32;2.3;41.1;0.01388747
0.23;0.25;5.8;1.14;0.022;0.033;200;32;2.3;41.8;0.058897364
0.22;0.24;5.1;0.78;0.015;0.037;200;32;2.2;36.7;0.058056372
0.25;0.3;7.2;0.95;0.011;0.03;200;29;2.4;39.4;0.053252724
0.16;0.38;7.3;1.29;0.017;0.038;200;29;2.5;41.9;0.036492269
0.15;0.32;7.8;0.53;0.018;0.034;200;29;2.3;39.2;0.161396086
0.24;0.39;6.5;1.12;0.016;0.039;200;31;2.6;42.1;0.016009676
0.23;0.4;7.3;0.57;0.021;0.029;200;32;2.1;39.2;0.034792395
0.22;0.28;3;0.82;0.021;0.037;200;32;2.7;37.3;0.005935392
0.21;0.38;6.3;1.04;0.01;0.033;200;28;2.5;41.5;0.018472223
0.21;0.37;6.5;0.92;0.017;0.034;200;28;2.3;42.5;0.026990073
0.23;0.27;3.2;0.97;0.016;0.028;200;30;2.2;39.4;0.006715543
0.19;0.31;5.4;0.71;0.02;0.034;200;31;2;43;0.040285911
0.24;0.21;5.2;0.79;0.021;0.03;200;30;2.3;40.5;0.096379968
0.19;0.2;5.3;1.05;0.014;0.028;200;31;2.3;43.1;0.118790383
0.23;0.31;3.8;0.75;0.01;0.037;200;31;2.8;38.3;0.008325846
0.17;0.29;6.8;1.16;0.018;0.036;200;32;2.6;38.2;0.068767266
0.19;0.31;6.1;1.19;0.021;0.026;200;33;2.2;37;0.02966994
0.16;0.31;6.4;1.16;0.017;0.038;200;30;2.4;39;0.050664279
0.2;0.28;4.6;1.28;0.009;0.03;200;32;2.3;36.9;0.015453866
0.22;0.23;4.8;0.99;0.012;0.027;200;33;2.4;41.8;0.044127243
0.24;0.27;5.5;1.28;0.011;0.039;200;32;2;44.6;0.035717008
0.22;0.36;3.7;0.88;0.017;0.03;200;33;2.2;39.3;0.004125028
0.19;0.33;3.3;1.29;0.024;0.031;200;33;2.8;43.5;0.003804388
0.2;0.23;4;0.51;0.011;0.03;200;30;2.8;35.7;0.042935679
0.17;0.31;4.1;0.52;0.018;0.038;200;30;2.1;40;0.024375561
0.23;0.23;4.3;0.55;0.024;0.036;200;29;2;39.1;0.059750944
0.18;0.3;4.8;1.25;0.022;0.032;200;28;2.3;44.4;0.022033423
0.17;0.35;6.8;1.19;0.011;0.039;200;33;2.1;38.3;0.03441533
0.22;0.33;4.9;1.1;0.013;0.026;200;29;2.7;43.9;0.012351791
0.18;0.22;4.7;1.04;0.015;0.036;200;28;2.5;43.3;0.073540178
0.23;0.28;5.7;1.3;0.017;0.035;200;30;2.1;37.6;0.029928252
0.16;0.35;4.9;0.54;0.008;0.028;200;30;2.7;39.3;0.02319087
0.21;0.35;4.3;1.28;0.014;0.035;200;32;2.6;36.1;0.005020019
0.19;0.23;3;0.86;0.013;0.027;200;29;2.8;44.5;0.014872432
0.24;0.26;6.6;0.71;0.01;0.036;200;32;2.3;38.4;0.092753645
0.23;0.31;6.2;0.84;0.019;0.029;200;31;2.4;39.1;0.036673935
0.18;0.34;4.4;1.11;0.013;0.036;200;32;2.4;35.9;0.008768481
0.18;0.37;6.1;1.24;0.015;0.029;200;32;2.5;37.2;0.016162316
0.15;0.33;4.1;1.07;0.012;0.025;200;29;2.3;40.9;0.010516533
0.2;0.33;5.1;0.76;0.008;0.026;200;31;2.8;38.1;0.017503185
0.24;0.21;4.9;0.56;0.009;0.039;200;32;2.6;43.8;0.120512184
0.19;0.31;3.3;1;0.021;0.025;200;29;2.5;35.3;0.00444757
0.22;0.31;6.6;1.12;0.016;0.028;200;30;2;45;0.042586925
0.24;0.36;7;1.05;0.016;0.027;200;33;2.7;35.7;0.02074119
0.18;0.22;3.6;0.59;0.019;0.037;200;30;2.5;40.5;0.050168489
0.2;0.32;7.2;0.72;0.009;0.031;200;29;2.7;43.6;0.074694527
0.22;0.23;7.4;0.56;0.015;0.04;200;31;2.7;40.9;0.3243529
0.16;0.36;6;0.79;0.014;0.036;200;30;2;38.8;0.03210239
0.24;0.27;6.7;0.92;0.017;0.034;200;30;2.3;44.8;0.083193684
0.18;0.3;7;1.2;0.009;0.029;200;33;2.2;35.9;0.049941808
0.18;0.39;3.9;1.1;0.02;0.038;200;29;2.4;35.9;0.003606317
0.19;0.22;4.7;0.67;0.023;0.025;200;30;2.3;44.3;0.088833274
0.17;0.32;7.7;0.57;0.023;0.039;200;29;2.6;40.8;0.145018477
0.23;0.3;6.9;0.81;0.01;0.025;200;32;2.2;40.7;0.055846375
0.2;0.32;7.2;0.71;0.011;0.035;200;32;2.2;42.5;0.077037319
0.16;0.37;3;1.24;0.013;0.027;200;31;2.2;37.3;0.001812399
0.18;0.29;3.6;1.29;0.024;0.029;200;29;2.1;42.3;0.009230275
0.2;0.28;7.7;1.06;0.013;0.04;200;31;2.5;39.7;0.110594747
0.24;0.25;7.8;1.08;0.011;0.032;200;28;2.8;35.1;0.111638586
0.22;0.34;4.5;0.69;0.015;0.036;200;31;2.1;44.2;0.014727318
0.24;0.3;7.2;1.26;0.01;0.028;200;29;2.1;35.8;0.039325181
0.21;0.31;5.4;1.1;0.012;0.028;200;30;2;36.2;0.018941262
0.19;0.35;4.4;1.29;0.025;0.038;200;33;2.6;42.2;0.008409514
0.16;0.25;3.2;1.19;0.011;0.027;200;33;2.6;38.9;0.010370073
0.19;0.28;6.5;1.16;0.016;0.035;200;29;2.7;36;0.056409847
0.19;0.34;6.6;1.27;0.022;0.033;200;31;2.6;42.3;0.032363127
0.23;0.38;4.5;0.7;0.009;0.039;200;31;2.3;39.3;0.007709963
0.15;0.27;2.9;0.8;0.024;0.025;200;30;2.7;37.2;0.008771589
0.18;0.39;4.4;0.94;0.015;0.027;200;31;2.3;44.6;0.007382465
0.17;0.4;3.9;0.63;0.008;0.031;200;31;2;37.6;0.005810561
0.2;0.22;3.4;1.09;0.015;0.031;200;32;2.7;37;0.017646444
0.23;0.31;4.8;1.05;0.018;0.03;200;30;2.7;41.5;0.014449684
0.18;0.3;7.1;0.7;0.024;0.037;200;30;2.6;44.3;0.121351768
0.24;0.39;6.7;1.16;0.023;0.031;200;29;2.8;39.2;0.014705521
0.2;0.26;6.4;0.99;0.019;0.031;200;33;2.4;39.2;0.078497381
0.24;0.26;7.7;0.95;0.02;0.03;200;33;2.7;38.8;0.115148451
0.16;0.27;4.1;0.97;0.016;0.04;200;33;2.2;40.1;0.025776718
0.19;0.39;6.4;0.81;0.011;0.032;200;31;2.1;39.2;0.022949382
0.25;0.22;2.9;0.76;0.012;0.028;200;28;2.7;38.5;0.011008925
0.25;0.3;5.4;0.85;0.016;0.035;200;33;2.6;40.1;0.025822087
0.18;0.37;3.1;0.72;0.019;0.034;200;29;2.2;42;0.003734703
0.22;0.28;3.5;0.83;0.013;0.039;200;32;2.5;39.3;0.010304668
0.2;0.2;5.3;0.62;0.009;0.037;200;29;2.4;40.4;0.184084349
0.19;0.38;6.7;1.09;0.01;0.03;200;28;2.2;38.5;0.022073902
0.21;0.39;6.3;0.65;0.012;0.025;200;32;2.1;42.4;0.024123511
0.22;0.35;4;0.89;0.018;0.037;200;32;2.8;37.3;0.00542293
0.2;0.21;4.9;0.92;0.023;0.039;200;29;2.5;37.8;0.096784558
0.2;0.39;3.1;0.93;0.012;0.026;200;28;2;37.1;0.001546816
0.17;0.39;5.4;1.27;0.019;0.036;200;32;2.7;40.9;0.011367864
0.25;0.23;5.8;0.96;0.012;0.029;200;31;2.7;39.9;0.069605496
0.23;0.32;4.1;1.25;0.022;0.029;200;32;2.7;35.9;0.005269288
0.23;0.26;5.5;0.68;0.02;0.028;200;29;2.6;43.5;0.063746125
0.21;0.29;3.7;1.04;0.015;0.027;200;31;2.8;39.1;0.00781261
0.19;0.27;6.4;1.21;0.011;0.035;200;30;2.3;44.2;0.071454562
0.25;0.32;6.4;1.26;0.02;0.038;200;32;2.3;44.7;0.030533044
0.19;0.32;3.6;0.87;0.015;0.026;200;33;2.7;37.3;0.006070223
0.23;0.33;5.6;0.96;0.012;0.034;200;32;2.4;42.8;0.021347561
0.18;0.39;4.6;0.6;0.021;0.03;200;29;2.8;41.6;0.011726365
0.23;0.21;4.6;0.65;0.01;0.026;200;30;2.7;44;0.074759878
0.2;0.27;7.7;0.82;0.019;0.029;200;33;2.2;44;0.153352442
0.18;0.31;4.7;0.88;0.025;0.03;200;31;2.5;44.9;0.023763628
0.24;0.37;5;0.76;0.01;0.037;200;30;2.2;40.7;0.011140435
0.2;0.25;4.6;0.55;0.01;0.027;201;30;2.4;36.7;0.044966596
0.17;0.26;7.7;1.24;0.012;0.025;202;29;2.4;40.2;0.125602905
0.16;0.26;4;1.18;0.012;0.026;203;29;2.6;40.5;0.01904919
0.24;0.31;6.8;1;0.012;0.032;204;33;2.6;41.2;0.041060227
0.25;0.3;4.9;0.92;0.012;0.026;205;31;2.6;44.5;0.017335782
0.18;0.33;4;0.6;0.023;0.026;206;29;2.7;36;0.011206133
0.16;0.22;5.9;1.13;0.018;0.037;207;32;2.3;43.1;0.151990304
0.24;0.4;2.9;1.07;0.011;0.037;208;28;2.4;38.1;0.000344866
0.22;0.23;3.7;0.58;0.023;0.025;209;33;2.2;41.2;0.031239149
0.15;0.36;6.6;1.15;0.011;0.039;210;29;2.2;37.1;0.03179543
0.17;0.28;7.8;0.73;0.01;0.027;211;30;2.5;38.1;0.140906544
0.23;0.22;6.7;0.57;0.02;0.04;212;33;2;36.3;0.235351143
0.22;0.22;5.7;1.15;0.021;0.036;213;32;2.4;38.4;0.085515788
0.16;0.23;7.6;1.13;0.024;0.035;214;33;2.2;40.6;0.255011991
0.21;0.24;7.1;1.11;0.009;0.03;215;33;2;44.8;0.124212941
0.24;0.24;5.3;1.28;0.023;0.035;216;31;2.4;35.2;0.037243826
0.24;0.33;5.8;1;0.013;0.038;217;32;2.7;44.2;0.021960131
0.22;0.32;5.7;0.9;0.01;0.037;218;28;2.4;39.4;0.02481866
0.25;0.28;7.6;0.89;0.01;0.034;219;31;2.3;36.9;0.075896481
0.16;0.27;3.4;1.1;0.014;0.038;220;31;2.6;44.4;0.012996977
0.16;0.4;7;0.53;0.012;0.039;221;30;2.4;42.2;0.050146262
0.17;0.35;7;1.17;0.022;0.037;222;29;2.6;41;0.039613054
0.23;0.33;4.5;1.09;0.015;0.026;223;31;2.6;42.3;0.007787568
0.18;0.31;7.3;0.59;0.015;0.028;224;28;2.4;40.9;0.098532306
0.19;0.31;7.5;1.09;0.02;0.025;225;33;2;39.1;0.057068956
0.19;0.4;7.7;1.2;0.021;0.027;226;28;2.4;36.3;0.022481202
0.17;0.37;3.2;1.21;0.017;0.034;227;30;2.2;37.7;0.002099845
0.15;0.35;3.6;1.2;0.019;0.027;228;29;2.8;42.2;0.004729677
0.18;0.26;6.5;0.53;0.023;0.026;229;30;2.5;41.1;0.13977021
0.17;0.31;3.4;0.56;0.018;0.036;230;30;2.1;39.8;0.011092358
0.15;0.34;3.8;1.12;0.014;0.03;231;31;2.5;42.3;0.006853817
0.19;0.26;3.2;0.65;0.018;0.036;232;29;2.7;44.9;0.015426805
0.15;0.22;4;1.21;0.016;0.037;233;32;2.4;43.9;0.043558989
0.2;0.22;4.5;1.19;0.02;0.028;234;30;2.2;40.1;0.038345404
0.17;0.39;4.3;0.97;0.019;0.038;235;29;2.4;35.1;0.005113158
0.23;0.39;7.3;0.75;0.013;0.028;236;31;2.5;44.6;0.028571469
0.18;0.25;4.7;0.78;0.019;0.027;237;28;2.5;37.1;0.03823849
0.2;0.21;5.7;0.75;0.018;0.032;238;29;2.3;44.4;0.155088084
0.23;0.22;7.1;0.94;0.023;0.035;239;33;2.4;38.4;0.168708197
0.18;0.3;7.7;1.09;0.009;0.034;240;30;2;35.7;0.06745098
0.17;0.28;4.9;1.21;0.015;0.029;241;33;2.3;35.9;0.020070081
0.2;0.24;7.7;0.94;0.02;0.039;242;29;2.3;41.6;0.205725122
0.16;0.25;6.3;0.7;0.018;0.037;243;31;2.4;44.4;0.152477026
0.16;0.33;5.3;0.98;0.021;0.031;244;31;2.3;40.2;0.021527659
0.16;0.24;4.4;1.24;0.02;0.027;245;31;2.5;38.1;0.028227689
0.24;0.38;7.2;1.2;0.013;0.036;246;30;2.5;35.6;0.015197762
0.18;0.22;4.5;0.73;0.016;0.031;247;29;2.3;43.4;0.066571688
0.22;0.34;3.8;0.79;0.016;0.03;248;33;2.6;44.7;0.005712267
0.21;0.21;5.4;0.53;0.011;0.034;249;28;2.4;36.1;0.126627191
0.21;0.31;4.2;0.86;0.018;0.031;250;32;2.1;41.3;0.010731405
0.19;0.21;7.6;0.67;0.021;0.039;251;31;2.5;44.1;0.46558005
0.18;0.29;5.5;0.84;0.022;0.039;252;30;2.3;43.8;0.045667402
0.16;0.3;4.9;1.28;0.017;0.034;253;30;2.6;43.3;0.020537132
0.21;0.35;3;0.84;0.019;0.037;254;30;2.7;41.1;0.002003858
0.17;0.33;3.7;1.15;0.013;0.035;255;31;2.5;40.8;0.005432773
0.21;0.22;5.3;0.66;0.024;0.035;256;32;2.7;41.6;0.105309743
0.15;0.38;3.9;0.52;0.01;0.038;257;29;2.3;42.9;0.009524639
0.25;0.33;7.1;0.83;0.016;0.028;258;30;2.4;36.9;0.030448586
0.17;0.23;3.2;1.12;0.023;0.027;259;30;2.7;44.7;0.014623541
0.18;0.2;4;0.54;0.02;0.029;260;33;2.7;36.8;0.066795302
0.22;0.25;4.9;0.59;0.011;0.04;261;28;2.5;36.3;0.045359502
0.15;0.37;7.4;0.97;0.022;0.026;262;28;2.1;39.6;0.039767815
0.18;0.32;5.3;1.18;0.016;0.036;263;30;2.5;43.7;0.019352506
0.22;0.33;6.2;0.87;0.013;0.028;264;33;2.6;38.9;0.022074014
0.24;0.24;7.1;0.71;0.012;0.034;265;33;2.7;36.5;0.113842994
0.23;0.27;6.5;0.82;0.016;0.028;266;33;2.3;36.5;0.050181829
0.18;0.26;6;0.87;0.02;0.036;267;29;2.4;44.6;0.080554492
0.2;0.23;5.4;0.79;0.014;0.04;268;32;2.5;38.6;0.076527822
0.2;0.31;5.4;0.54;0.024;0.027;269;33;2.6;42.8;0.034252576
0.2;0.4;3.1;0.58;0.008;0.038;270;32;2.4;36.9;0.001531788
0.17;0.27;2.8;1.13;0.011;0.033;271;28;2.8;35.2;0.003410567
0.23;0.2;4.1;1.13;0.024;0.038;272;28;2.1;35.2;0.037319003
0.17;0.26;7.1;1.18;0.016;0.037;273;32;2.5;44.6;0.106862027
0.21;0.22;5.1;0.65;0.019;0.035;274;33;2.2;36.5;0.075165848
0.22;0.38;6.9;0.58;0.01;0.038;275;30;2.4;38.8;0.028048271
0.23;0.28;3;1.18;0.016;0.037;276;28;2.5;42.6;0.00349224
0.17;0.24;5.9;1.17;0.009;0.034;277;33;2.1;40.5;0.066772569
0.23;0.22;3.8;0.79;0.022;0.037;278;28;2.1;40;0.028661569
0.23;0.34;5.1;0.72;0.01;0.028;279;33;2;36.6;0.010850243
0.18;0.23;7.3;1.13;0.018;0.038;280;33;2;36.4;0.146704077
0.19;0.36;5.4;0.75;0.02;0.034;281;31;2.5;39;0.014852133
0.17;0.38;3.2;1.17;0.014;0.035;282;29;2.4;41.2;0.00164233
0.23;0.27;5.5;0.95;0.012;0.026;283;28;2.8;39.7;0.02632303
0.17;0.38;4.7;0.87;0.01;0.039;284;31;2.2;35;0.006975514
0.2;0.25;7.5;0.75;0.016;0.029;285;30;2.1;41;0.14029787
0.22;0.21;5.6;0.84;0.01;0.029;286;30;2.6;40.5;0.084041765
0.18;0.37;4.8;1.22;0.023;0.032;287;28;2.6;40.4;0.006492887
0.22;0.3;7.4;1.15;0.023;0.028;288;29;2.2;41.8;0.048400881
0.2;0.39;6.2;0.94;0.023;0.036;289;31;2.6;38;0.0128512
0.18;0.33;5.3;0.62;0.023;0.034;290;30;2.5;41.5;0.025691119
0.2;0.26;4.3;1.26;0.014;0.035;291;29;2.7;42;0.015742336
0.21;0.4;6.4;1.06;0.018;0.036;292;32;2.2;42;0.012524857
0.19;0.22;6.3;0.75;0.013;0.033;293;29;2.4;35.1;0.120948514
0.19;0.25;4.3;1.07;0.013;0.034;294;28;2.2;35;0.018075488
0.18;0.38;7.9;0.73;0.019;0.038;295;29;2.7;36.2;0.040125548
0.24;0.36;5.2;0.59;0.012;0.029;296;29;2.5;43;0.012017646
0.18;0.35;3.2;0.59;0.024;0.033;297;30;2.3;42.9;0.004435873
0.18;0.3;6.5;0.93;0.012;0.035;298;31;2.4;44.1;0.048658391
0.17;0.28;6.2;0.67;0.018;0.035;299;30;2.8;42.5;0.073724548
0.19;0.38;3.9;0.72;0.011;0.029;300;28;2.6;36.3;0.003064179
0.16;0.23;5.9;1.12;0.023;0.034;301;33;2.6;41.7;0.09245569
0.21;0.22;4.3;0.88;0.021;0.036;302;31;2.4;43.7;0.041174314
0.17;0.37;5.3;0.63;0.017;0.032;303;29;2.8;43.4;0.016981283
0.22;0.39;8;0.7;0.014;0.04;304;33;2.4;36.1;0.030049087
0.23;0.2;7.8;0.88;0.023;0.04;305;32;2.6;40.2;0.329857169
0.25;0.34;6.4;0.81;0.018;0.04;306;28;2.6;41.1;0.02259446
0.22;0.27;4.7;1.08;0.01;0.03;307;30;2.8;44.5;0.016674431
0.23;0.36;3.9;0.51;0.013;0.027;308;28;2;39;0.005016326
0.16;0.32;6.3;1;0.011;0.026;309;29;2.6;40.7;0.030473337
0.16;0.26;5.7;1.07;0.015;0.039;310;30;2.4;38.1;0.050457905
0.22;0.32;3.1;0.51;0.013;0.039;311;33;2.6;41.2;0.004337534
0.17;0.35;6.7;0.76;0.02;0.026;312;29;2.2;40.2;0.032615136
0.23;0.27;7.8;0.76;0.023;0.039;313;29;2.4;43.1;0.121526641
0.22;0.31;5.4;1.14;0.009;0.037;314;29;2.8;41.1;0.014251049
0.19;0.34;5.4;0.75;0.017;0.037;315;32;2.1;41.7;0.018633468
0.19;0.22;6.4;0.77;0.017;0.039;316;29;2.4;41.6;0.160266656
0.16;0.33;5.7;0.56;0.013;0.033;317;33;2.7;39.9;0.032409079
0.21;0.25;5.7;0.96;0.01;0.032;318;29;2;42.2;0.045999576
0.17;0.25;4.7;1.05;0.014;0.036;319;30;2.5;37.4;0.027910528
0.2;0.27;3.5;1.12;0.024;0.031;320;32;2.2;42.5;0.007540235
0.16;0.33;5.3;0.99;0.016;0.035;321;28;2.2;40.2;0.01794775
0.21;0.2;6.6;0.53;0.014;0.028;322;32;2.6;43.1;0.242816334
0.21;0.31;5.5;0.8;0.011;0.033;323;29;2.5;36.5;0.018095593
0.17;0.38;6;1.11;0.014;0.028;324;32;2.7;40.6;0.011676713
0.24;0.32;3.5;1.27;0.017;0.035;325;31;2.3;40;0.00217962
0.22;0.22;5.1;1.26;0.017;0.031;326;30;2.7;40.1;0.038182394
0.16;0.23;6.3;0.55;0.018;0.038;327;31;2.4;39.2;0.178466042
0.24;0.25;7.9;1.28;0.014;0.025;328;28;2.3;38.4;0.071973222
0.23;0.37;7.4;1.08;0.01;0.034;329;29;2.4;35.1;0.015890902
0.22;0.24;5.8;1.04;0.019;0.034;330;32;2.4;39.4;0.048744578
0.18;0.32;5.7;0.88;0.018;0.037;331;29;2.1;39.9;0.024179032
0.2;0.2;6;1.16;0.017;0.033;332;31;2.2;38.6;0.105107152
0.18;0.3;3.6;0.85;0.021;0.035;333;31;2.8;43.8;0.007716748
0.24;0.28;6.9;0.85;0.013;0.034;334;33;2.3;43.1;0.051911854
0.18;0.34;6.5;1.26;0.015;0.037;335;31;2.4;45;0.023935998
0.18;0.27;3;0.95;0.011;0.027;336;29;2.6;37.6;0.003963658
0.19;0.36;6.4;0.77;0.022;0.03;337;31;2.2;39.7;0.021581118
0.25;0.22;2.8;1.27;0.021;0.03;338;29;2.5;40.7;0.004681999
0.17;0.21;4.1;1.03;0.01;0.027;339;32;2.3;40.8;0.03083377
0.21;0.38;6.3;0.81;0.014;0.027;340;29;2.6;43.7;0.014624012
0.15;0.38;4.6;1.24;0.019;0.037;341;33;2.7;36.5;0.004755904
0.16;0.28;8;0.67;0.012;0.031;342;29;2.7;38.2;0.126670427
0.16;0.22;4.1;0.87;0.009;0.038;343;30;2;41;0.038346045
0.19;0.29;4.3;1.25;0.018;0.036;344;32;2.6;36;0.008074608
0.17;0.33;2.9;0.95;0.008;0.029;345;32;2.7;41.3;0.001781289
0.23;0.29;6.4;0.76;0.023;0.03;346;31;2;40.4;0.038994723
0.19;0.37;4.4;1.16;0.018;0.039;347;29;2.2;39.2;0.004215573
0.22;0.24;5.2;0.9;0.025;0.027;348;30;2;37.4;0.034111505
0.24;0.4;6.3;0.83;0.013;0.033;349;31;2.6;39.3;0.008617478
0.17;0.23;6.8;1.18;0.017;0.036;350;32;2.5;36.6;0.099949067
0.15;0.38;7.4;0.93;0.016;0.038;351;29;2.2;37.2;0.030048592
0.22;0.3;4.9;0.86;0.02;0.032;352;29;2.1;41.3;0.014690912
0.18;0.21;7.2;0.89;0.01;0.03;353;32;2.2;35.7;0.159651358
0.16;0.31;3;1.11;0.015;0.038;354;29;2.6;38.1;0.00263722
0.16;0.24;6.4;1.1;0.022;0.025;355;33;2.2;41;0.077173936
0.24;0.28;6.2;1.16;0.024;0.034;356;30;2.3;42.6;0.030391145
0.23;0.25;6.2;0.54;0.023;0.033;357;28;2.4;39.1;0.079282072
0.17;0.23;3.6;0.79;0.014;0.034;358;28;2.7;36.7;0.018220385
0.2;0.2;4.5;0.68;0.018;0.038;359;29;2.3;43.5;0.078874829
0.25;0.21;7.3;0.79;0.009;0.027;360;30;2.6;44.9;0.154211662
0.22;0.21;5.9;1.12;0.019;0.032;361;28;2.7;38;0.072303312
0.18;0.28;3;0.87;0.016;0.031;362;29;2.5;43.1;0.00472064
0.23;0.25;5.4;0.95;0.017;0.036;363;33;2.7;42.8;0.034682886
0.22;0.3;7.5;0.54;0.011;0.032;364;30;2.2;43.5;0.076252138
0.21;0.2;3.7;1.18;0.018;0.039;365;31;2.3;35.3;0.021693695
0.18;0.4;6.9;1.01;0.024;0.034;366;33;2.4;38.5;0.014709263
0.16;0.28;7.3;1.25;0.023;0.031;367;31;2.4;40;0.063700101
0.24;0.38;4.8;1.28;0.017;0.03;368;29;2.2;43;0.003006004
0.25;0.35;6.9;0.54;0.019;0.026;369;30;2.1;41.1;0.027347114
0.2;0.29;3.5;0.55;0.021;0.037;370;30;2.5;41.4;0.009266854
0.22;0.3;3.5;1.08;0.019;0.04;371;32;2.4;41.5;0.004044522
0.22;0.32;5.7;0.79;0.013;0.032;372;31;2.7;44.7;0.018989047
0.16;0.25;4.3;0.9;0.02;0.039;373;29;2.2;43.8;0.029887494
0.2;0.32;7;1.07;0.023;0.026;374;30;2.1;43.8;0.031857419
0.17;0.22;5.8;0.7;0.023;0.035;375;29;2;36;0.10715286
0.24;0.31;5.3;1.26;0.013;0.029;376;30;2.4;41;0.008863436
0.24;0.39;5.7;0.9;0.019;0.032;377;32;2.2;36.4;0.005719387
0.16;0.29;4.4;0.72;0.014;0.029;378;31;2.1;36.5;0.014746042
0.2;0.26;5.8;1.02;0.023;0.03;379;29;2.4;44.8;0.041737761
0.22;0.23;5.4;1.24;0.013;0.036;380;30;2.5;42.8;0.039590114
0.23;0.27;6.2;0.75;0.011;0.035;381;29;2.6;35.4;0.036250437
0.24;0.26;7.7;1.17;0.008;0.026;382;29;2.3;42.7;0.059646298
0.15;0.35;6.9;0.87;0.015;0.034;383;32;2.6;42.4;0.033906203
0.19;0.26;5.2;0.98;0.019;0.04;384;30;2.2;43.3;0.034782793
0.24;0.26;3.4;0.71;0.011;0.035;385;28;2.5;39.5;0.006843133
0.22;0.31;6.7;1.08;0.018;0.026;386;28;2.8;43.4;0.025080203
0.24;0.29;3.9;0.72;0.009;0.026;387;31;2.3;44;0.006961664
0.23;0.35;3.1;0.87;0.021;0.032;388;29;2.2;40.1;0.001152355
0.23;0.23;3.9;0.71;0.013;0.039;389;32;2.3;40.8;0.020508379
0.16;0.33;5.8;1.1;0.022;0.038;390;30;2.3;41.4;0.020465958
0.19;0.21;6.9;1.1;0.023;0.039;391;30;2.3;42.7;0.171694767
0.17;0.31;7;0.98;0.019;0.038;392;29;2.5;37.3;0.041155115
0.19;0.32;5.6;0.65;0.01;0.037;393;28;2.2;38.4;0.021903803
0.17;0.31;6;0.74;0.011;0.031;394;30;2.5;37;0.02716993
0.17;0.37;7.7;1;0.019;0.032;395;31;2.5;40.7;0.028880488
0.21;0.4;6.9;1.13;0.018;0.035;396;30;2.7;42.3;0.010975616
0.16;0.4;2.9;1.05;0.012;0.032;397;31;2.3;37.7;0.000526043
0.19;0.33;6.8;0.64;0.02;0.031;398;30;2.1;41.8;0.038470292
0.19;0.26;5;1.14;0.011;0.032;399;33;2.8;44.6;0.022000945
0.17;0.37;4.9;0.92;0.011;0.025;400;29;2.2;42.3;0.007000799
0.2;0.3;2.9;0.58;0.023;0.033;401;29;2.7;42.6;0.003707011
0.2;0.34;4.6;0.79;0.014;0.025;402;32;2.1;37.7;0.006307139
0.22;0.36;7.4;0.68;0.021;0.036;403;32;2.8;35.1;0.023944745
0.21;0.23;6.6;0.68;0.009;0.027;404;30;2.4;36.9;0.082510737
0.22;0.29;7.2;0.73;0.018;0.034;405;31;2.7;39.3;0.051756163
0.22;0.33;3.2;0.6;0.012;0.04;406;31;2;39.7;0.003036532
0.2;0.25;6.2;0.74;0.024;0.039;407;29;2.6;35.9;0.064818284
0.15;0.4;7.5;0.59;0.012;0.027;408;31;2.6;44.3;0.034668168
0.19;0.36;4.5;0.9;0.008;0.038;409;28;2.3;37.8;0.004777234
0.17;0.25;6.2;1.22;0.012;0.03;410;31;2.2;42.8;0.050675202
0.17;0.29;5.5;0.8;0.021;0.038;411;29;2.6;41.6;0.032001017
0.22;0.35;3;0.83;0.021;0.037;412;29;2.4;42;0.001172276
0.18;0.23;5.6;0.78;0.009;0.04;413;28;2.2;42.5;0.076059911
0.22;0.26;3;0.66;0.015;0.028;414;31;2.7;44;0.005211186
0.2;0.26;6.5;1.09;0.022;0.034;415;28;2.1;43.2;0.054533655
0.19;0.29;4.6;1.26;0.009;0.031;416;33;2.7;36;0.007100246
0.16;0.31;5.9;0.95;0.021;0.026;417;32;2.4;36.7;0.021314027
0.19;0.4;3.9;1.2;0.02;0.035;418;31;2.4;39.7;0.001220276
0.15;0.39;4.6;1;0.013;0.032;419;31;2.6;43.2;0.005120638
0.24;0.39;4.2;1;0.017;0.027;420;33;2.4;35.8;0.000848964
0.25;0.27;3.4;0.62;0.022;0.029;421;29;2;39.4;0.006134613
0.2;0.36;3.2;0.79;0.024;0.037;422;30;2.1;43.5;0.002066572
0.15;0.28;5.9;0.9;0.02;0.032;423;29;2.5;44.8;0.046273377
0.18;0.22;7;1.15;0.022;0.026;424;31;2;43.5;0.115737455
0.16;0.34;5.4;0.79;0.01;0.035;425;31;2.8;38.9;0.014261704
0.19;0.34;7.6;1.11;0.024;0.033;426;29;2.7;38.7;0.028252248
0.22;0.24;5.2;0.71;0.021;0.03;427;32;2.7;43.7;0.040424303
0.19;0.38;7.4;1.04;0.016;0.036;428;29;2;37.9;0.018380952
0.21;0.23;5.2;0.55;0.017;0.033;429;32;2.6;39.1;0.054905151
0.25;0.22;5.9;0.74;0.022;0.033;430;28;2.2;36.3;0.063525415
0.2;0.21;7.3;0.88;0.012;0.037;431;28;2.2;44.2;0.194049835
0.18;0.23;4.7;0.73;0.011;0.038;432;32;2.5;43.1;0.043509354
0.16;0.21;6.2;1;0.011;0.029;433;33;2.1;35.1;0.08774262
0.15;0.22;7.6;1.01;0.023;0.027;434;32;2.5;37;0.164847672
0.2;0.35;3.4;1.18;0.024;0.032;435;32;2.4;44.4;0.001590717
0.17;0.31;5;0.92;0.009;0.027;436;31;2.7;40.9;0.01217066
0.2;0.33;4.6;0.66;0.023;0.029;437;30;2.6;42;0.009233045
0.22;0.29;5.5;1.27;0.014;0.036;438;29;2.6;37.3;0.012224872
0.21;0.38;5.8;0.65;0.023;0.035;439;32;2.2;36;0.009868234
0.2;0.29;4.9;0.86;0.014;0.031;440;31;2.3;41.5;0.014446763
0.16;0.24;7.2;0.88;0.009;0.033;441;31;2.6;38.9;0.108547676
0.19;0.4;3.2;0.66;0.022;0.028;442;30;2.3;38.6;0.000988795
0.24;0.34;6;0.59;0.02;0.031;443;32;2.3;37.9;0.015327159
0.22;0.33;3.3;1.17;0.016;0.036;444;31;2.5;35.6;0.000617167
0.19;0.33;3.3;0.65;0.015;0.029;445;32;2.7;42.9;0.003036513
0.16;0.28;6.9;0.8;0.014;0.04;446;30;2;40.5;0.070212274
0.21;0.32;6.4;1.08;0.016;0.031;447;32;2.2;44.9;0.020250341
0.25;0.28;6.4;0.72;0.01;0.03;448;29;2.5;37.6;0.028686698
0.23;0.38;4.4;1;0.023;0.033;449;32;2.6;44.2;0.002414551
0.23;0.2;6.7;0.97;0.009;0.038;450;30;2.2;35;0.108075239
0.24;0.24;6.3;0.81;0.008;0.025;451;29;2.3;44.2;0.050633354
0.16;0.36;3.8;0.8;0.012;0.031;452;28;2.7;43.9;0.0037634
0.22;0.28;6.8;0.51;0.015;0.027;453;33;2.2;37.2;0.050810637
0.23;0.24;7.5;0.79;0.008;0.031;454;30;2.4;36.7;0.081486314
0.24;0.39;6.5;1.22;0.021;0.035;455;28;2.7;42.9;0.006366957
0.2;0.38;3.9;0.63;0.019;0.03;456;29;2.6;37.3;0.002187359
0.21;0.34;6.9;0.66;0.016;0.031;457;29;2.6;35.4;0.022273538
0.22;0.21;6.3;0.74;0.016;0.038;458;32;2;37.5;0.105429829
0.24;0.21;7.9;1.07;0.015;0.032;459;31;2;43.3;0.152585717
0.24;0.28;7;1.09;0.011;0.035;460;31;2.3;43.3;0.035880678
0.23;0.29;4;0.67;0.024;0.03;461;29;2.3;40;0.007598414
0.22;0.4;7.8;0.76;0.01;0.03;462;32;2.5;43;0.018286408
0.16;0.31;5.9;1.08;0.009;0.034;463;30;2.4;40.3;0.020599497
0.2;0.26;5.6;0.56;0.014;0.031;464;30;2.3;35.2;0.036974563
0.16;0.31;3.8;1;0.019;0.032;465;29;2.2;43.1;0.006140364
0.18;0.35;6.1;0.96;0.012;0.031;466;32;2.1;43.5;0.01512406
0.2;0.21;6.3;1.24;0.013;0.026;467;32;2.6;44.9;0.074158096
0.24;0.35;5.7;0.82;0.018;0.032;468;30;2.5;42.7;0.009425096
0.24;0.3;6.2;0.84;0.013;0.025;469;32;2;42.3;0.020111954
0.24;0.36;6.9;0.55;0.023;0.026;470;30;2.3;37;0.018483765
0.16;0.33;2.8;0.65;0.009;0.03;471;28;2.7;40;0.001736451
0.18;0.21;5.1;0.54;0.008;0.031;472;31;2.6;39.9;0.073970387
0.19;0.25;7.5;0.71;0.022;0.035;473;33;2.3;43.8;0.12482918
0.16;0.37;5.4;0.74;0.013;0.027;474;29;2;39.2;0.010293151
0.16;0.34;7;0.72;0.016;0.031;475;32;2.5;36.1;0.029362898
0.22;0.27;7.5;0.66;0.014;0.029;476;31;2.7;37.1;0.062224709
0.19;0.35;3.8;1.08;0.009;0.04;477;32;2.5;44.4;0.002632252
0.21;0.2;3.3;0.63;0.021;0.031;478;32;2.2;39.4;0.019624658
0.17;0.32;4.3;1.27;0.024;0.037;479;29;2;35;0.005168807
0.24;0.21;5.8;0.69;0.025;0.03;480;33;2.1;41.3;0.078280787
0.2;0.26;4.7;0.81;0.022;0.025;481;29;2.5;40.1;0.017337477
0.15;0.4;5.8;0.71;0.021;0.032;482;29;2.8;43.2;0.01225869
0.21;0.21;5.5;0.99;0.014;0.031;483;30;2.7;35.4;0.045849863
0.17;0.25;5.3;1;0.02;0.03;484;32;2.1;41.4;0.032648662
0.2;0.31;4.4;1;0.011;0.038;485;31;2.3;44.2;0.007464708
0.18;0.3;4.5;0.93;0.022;0.032;486;28;2;43.5;0.011269814
0.22;0.24;5.4;0.97;0.011;0.031;487;33;2.1;39.9;0.027959969
0.25;0.23;7;1.17;0.013;0.039;488;32;2.2;43.9;0.071766729
0.21;0.23;6.8;1.11;0.025;0.037;489;29;2.1;35.7;0.072792766
0.24;0.25;7.7;0.99;0.01;0.029;490;32;2.3;41.7;0.064941896
0.2;0.39;3.6;1.19;0.01;0.03;491;31;2.2;35.3;0
0.19;0.24;7;0.85;0.024;0.028;492;33;2.3;43.5;0.090986769
0.19;0.32;6;1.23;0.025;0.032;493;30;2.5;38.6;0.013485244
0.23;0.36;4.1;1.1;0.011;0.032;494;32;2.3;43.9;0.001853315
0.18;0.3;4;1.12;0.018;0.039;495;31;2.5;42.4;0.006239607
0.16;0.26;3.5;1.18;0.024;0.035;496;29;2;41.9;0.008396879
0.19;0.25;7.2;0.63;0.02;0.035;497;33;2.2;41.3;0.107924827
0.22;0.25;3.3;1.16;0.015;0.029;498;30;2.4;43.7;0.004360111
0.15;0.28;7.2;1.1;0.014;0.035;499;32;2.4;41.4;0.058769212
0.24;0.39;6.4;0.8;0.014;0.028;500;28;2.6;42.9;0.007892609
0.21;0.23;5.3;0.77;0.019;0.039;501;29;2.5;43.9;0.052275866
0.24;0.25;7.6;0.71;0.01;0.038;502;29;2.3;35.5;0.077272736
0.25;0.32;6.5;1.29;0.01;0.029;503;32;2.7;37.6;0.008348458
0.23;0.27;3.9;0.79;0.018;0.039;504;29;2.1;40.2;0.008512979
0.16;0.38;6.2;0.59;0.024;0.025;505;32;2.2;41.6;0.017616991
0.16;0.28;7.6;1.1;0.024;0.027;506;32;2.2;42.7;0.064027616
0.19;0.28;7.1;0.95;0.022;0.027;507;30;2.4;41.3;0.046116981
0.19;0.32;7.9;0.96;0.022;0.039;508;28;2.2;40.7;0.045806793
0.16;0.25;5.5;1.19;0.02;0.032;509;33;2.7;41.9;0.033742779
0.21;0.35;5.2;0.67;0.017;0.028;510;30;2.2;43.3;0.0092877
0.2;0.33;3.1;1.16;0.02;0.025;511;31;2.2;39.7;0.000767357
0.19;0.24;6.7;0.65;0.014;0.027;512;30;2.2;43.8;0.088904767
0.17;0.23;2.9;0.55;0.012;0.026;513;28;2.6;43.9;0.009760673
0.22;0.22;5.4;1.11;0.017;0.035;514;30;2.1;40.4;0.039806078
0.21;0.24;6.8;1.18;0.009;0.034;515;32;2.5;36.8;0.046721409
0.16;0.24;6.8;1.18;0.009;0.027;516;29;2.7;35.8;0.055771761
0.16;0.33;6.8;0.93;0.024;0.032;517;28;2.6;40;0.028000234
0.16;0.27;4.3;0.99;0.024;0.038;518;32;2.3;43.6;0.015961675
0.21;0.32;5.6;0.7;0.023;0.027;519;32;2.6;43.2;0.015261463
0.24;0.37;3.5;0.5;0.017;0.033;520;31;2.2;40.6;0.001859606
0.21;0.38;5;0.57;0.012;0.04;521;32;2.4;43.1;0.007129891
0.17;0.39;6.5;0.69;0.015;0.03;522;31;2.1;41.1;0.01503622
0.19;0.34;2.9;1.24;0.01;0.039;523;29;2.1;40.9;0.000618552
0.21;0.31;7.8;0.79;0.013;0.027;524;30;2;42.2;0.04234658
0.15;0.21;5.1;0.9;0.024;0.029;525;31;2.3;39.8;0.063315194
0.17;0.34;5.1;1.06;0.021;0.031;526;29;2;40.5;0.00848646
0.17;0.31;6.6;0.85;0.01;0.028;527;29;2.1;42.1;0.029901253
0.15;0.4;6.3;1.26;0.023;0.027;528;30;2.6;43;0.008840249
0.2;0.22;7;0.72;0.02;0.038;529;28;2.4;42.3;0.148688398
0.22;0.36;6;0.58;0.016;0.029;530;32;2.7;40.5;0.011856647
0.16;0.37;4.6;1.19;0.021;0.025;531;29;2.3;35.3;0.002675092
0.17;0.25;5.1;1;0.022;0.032;532;32;2.5;39.2;0.02627642
0.2;0.36;3.2;1.22;0.018;0.039;533;31;2.8;41.4;0
0.23;0.34;7.9;1.11;0.015;0.032;534;33;2.8;38.7;0.018594942
0.18;0.35;5.5;0.96;0.011;0.033;535;32;2.5;41.8;0.008952963
0.24;0.29;4.4;0.93;0.01;0.026;536;30;2.7;40.1;0.004524177
0.21;0.28;7.7;0.82;0.013;0.027;537;32;2.6;37.6;0.046950336
0.2;0.24;6.7;0.63;0.009;0.032;538;28;2.3;44.4;0.089048076
0.19;0.36;4.8;0.75;0.019;0.037;539;31;2.5;44.5;0.0069844
0.17;0.29;4.2;0.71;0.016;0.039;540;29;2.5;36.8;0.010295411
0.22;0.22;4.7;1.25;0.024;0.027;541;33;2.6;39.9;0.019365105
0.21;0.35;3.3;0.84;0.009;0.029;542;33;2.5;40.7;0.000886513
0.21;0.4;5.7;1.21;0.023;0.039;543;32;2.4;45;0.004776382
0.19;0.35;6.2;0.86;0.008;0.031;544;32;2.3;40.5;0.012692583
0.19;0.34;6.8;1.2;0.022;0.031;545;29;2.6;36.9;0.013375913
0.2;0.26;3.2;1.19;0.018;0.038;546;30;2.3;36.1;0.003118696
0.18;0.34;7.4;1.15;0.023;0.03;547;31;2.7;43;0.023752646
0.23;0.34;7.3;1.2;0.025;0.036;548;31;2.2;43.6;0.018833986
0.24;0.32;5.4;1.1;0.019;0.029;549;30;2.1;38.4;0.006526224
0.16;0.24;4.1;0.85;0.021;0.028;550;30;2.5;41;0.018181406
0.23;0.24;7.5;0.75;0.009;0.037;551;29;2.2;44.4;0.10078627
0.23;0.33;4.2;0.61;0.022;0.03;552;32;2.4;35.2;0.00374196
0.15;0.31;3.2;0.71;0.021;0.037;553;31;2.7;42.3;0.004291552
0.22;0.21;3.5;0.62;0.008;0.027;554;32;2.7;36.3;0.011896392
0.23;0.32;3.4;0.65;0.022;0.038;555;32;2.3;35.6;0.002137436
0.23;0.26;2.9;1.26;0.018;0.039;556;30;2.6;38.9;0.001283735
0.25;0.27;6.3;0.82;0.014;0.026;557;33;2.6;41.7;0.025043256
0.23;0.35;3.8;1.06;0.012;0.028;558;29;2.3;40.8;0.000759097
0.19;0.29;3.3;1.24;0.013;0.031;559;32;2.6;43.4;0.002085472
0.21;0.39;5.4;0.67;0.018;0.04;560;32;2.4;38.1;0.005806546
0.17;0.25;3.3;1.14;0.009;0.027;561;31;2.3;44.4;0.005482776
0.21;0.28;6.9;1.25;0.012;0.038;562;31;2.4;44.9;0.03389194
0.2;0.23;4.6;0.73;0.024;0.037;563;29;2.4;38;0.029401809
0.16;0.26;3.1;0.91;0.019;0.032;564;29;2.7;41.2;0.005098127
0.19;0.39;3.5;0.71;0.013;0.04;565;30;2.4;40.5;0.001268737
0.24;0.23;4.4;0.56;0.018;0.028;566;31;2.4;43.1;0.023482062
0.19;0.34;4.2;0.9;0.016;0.027;567;32;2.3;38.7;0.00319257
0.16;0.35;4.6;0.89;0.016;0.032;568;29;2.3;36.2;0.005016109
0.16;0.29;4.3;0.69;0.008;0.035;569;28;2.1;40.2;0.012157542
0.2;0.38;5.5;1.16;0.02;0.026;570;32;2.6;42;0.003784925
0.17;0.25;6;0.68;0.024;0.04;571;31;2.2;43.8;0.071461907
0.2;0.29;7.8;1.16;0.023;0.035;572;29;2.8;44.5;0.049007209
0.15;0.33;5.8;0.67;0.02;0.025;573;29;2.3;43;0.021457354
0.19;0.2;4.3;1.15;0.013;0.037;574;29;2;35.3;0.026673013
0.24;0.3;7.3;0.97;0.015;0.033;575;31;2.2;40.8;0.027369673
0.24;0.39;4.8;0.73;0.011;0.036;576;30;2.7;41.8;0.002250302
0.2;0.26;7.4;1.28;0.011;0.027;577;32;2.5;42.5;0.044428963
0.23;0.26;3.2;0.93;0.024;0.034;578;29;2.6;38.3;0.002866481
0.16;0.24;4.8;1.07;0.01;0.036;579;32;2.6;38.6;0.023014506
0.18;0.35;5;1.07;0.018;0.04;580;29;2.1;42.6;0.006932521
0.21;0.33;6.9;0.96;0.019;0.039;581;28;2;37.9;0.019699905
0.22;0.3;6.4;1.11;0.023;0.03;582;31;2.5;39.4;0.016517146
0.2;0.29;5.7;1.04;0.011;0.028;583;28;2.4;39.4;0.014005205
0.2;0.22;3.1;0.94;0.022;0.029;584;29;2.7;35.6;0.005582083
0.2;0.25;4.1;0.98;0.012;0.027;585;31;2.3;39;0.008650168
0.19;0.23;6.3;1.15;0.02;0.038;586;32;2.7;43.6;0.06350866
0.2;0.38;7;1.07;0.023;0.039;587;29;2.2;37.3;0.010984663
0.18;0.32;5.9;0.75;0.013;0.029;588;32;2.7;42.8;0.017544129
0.21;0.37;5;0.91;0.016;0.038;589;32;2.4;35.6;0.00316554
0.16;0.23;4.2;0.72;0.023;0.027;590;29;2.6;41.3;0.02505329
0.18;0.22;6.6;1;0.023;0.032;591;28;2.4;37.7;0.08391412
0.19;0.32;6.7;0.97;0.025;0.029;592;29;2.5;42.2;0.021964189
0.21;0.25;4.8;0.51;0.019;0.034;593;33;2.5;41.9;0.028514143
0.24;0.32;6;0.74;0.015;0.032;594;30;2.7;40.7;0.012601172
0.25;0.24;2.8;0.97;0.023;0.033;595;30;2.3;37.7;0.002135084
0.23;0.34;4;1.07;0.02;0.025;596;31;2.4;35.7;0
0.18;0.3;7;1.18;0.02;0.035;597;28;2.6;45;0.033525151
0.2;0.31;4.3;0.94;0.008;0.028;598;32;2.3;42.6;0.004803751
0.15;0.25;4.6;1.3;0.015;0.038;599;29;2.3;39.7;0.018273531
0.15;0.28;7.6;1.3;0.014;0.028;600;30;2.2;44.1;0.054839015
0.15;0.3;5.3;0.88;0.019;0.038;601;33;2.5;43.9;0.020543002
0.24;0.35;3.8;1.15;0.011;0.031;602;31;2.6;40.3;0
0.17;0.32;4.9;1.24;0.011;0.026;603;32;2.7;40.3;0.005236393
0.16;0.25;5.4;1;0.025;0.037;604;29;2.6;43.6;0.039179298
0.23;0.31;6.5;1.01;0.018;0.027;605;30;2.1;37.6;0.013947409
0.22;0.23;2.9;0.82;0.008;0.027;606;32;2.8;35.8;0.002481956
0.19;0.21;7.8;0.81;0.009;0.033;607;31;2.5;41.3;0.170255804
0.17;0.39;2.8;0.79;0.024;0.039;608;30;2.3;38.1;0.000381104
0.24;0.36;5.7;1.21;0.023;0.035;609;29;2.2;44.4;0.00522985
0.17;0.38;7.6;1.18;0.017;0.039;610;28;2.8;37.1;0.013874958
0.23;0.31;7.6;0.75;0.016;0.028;611;33;2.2;43.6;0.033797948
0.22;0.36;3.9;0.74;0.022;0.026;612;29;2.2;41.7;0.001893886
0.25;0.34;3.8;1.21;0.011;0.025;613;31;2.4;43.6;0
0.24;0.31;4.1;1.03;0.018;0.028;614;31;2.3;43.4;0.002796853
0.17;0.37;4.9;1.07;0.014;0.033;615;30;2.7;44.6;0.004275306
0.2;0.22;7.7;0.55;0.015;0.026;616;31;2.3;42.5;0.164739862
0.21;0.38;5;1.13;0.023;0.029;617;32;2.2;38.1;0.002209288
0.16;0.39;4.1;0.67;0.022;0.029;618;29;2.6;40.4;0.002772886
0.2;0.33;4;0.64;0.012;0.039;619;28;2.6;39.2;0.003935166
0.15;0.24;3.1;1.13;0.021;0.03;620;33;2.5;43.2;0.006308775
0.22;0.27;4.2;0.54;0.018;0.037;621;30;2.6;39.7;0.011867888
0.23;0.28;5.4;1.16;0.013;0.027;622;33;2.6;43.9;0.010389407
0.18;0.28;5.9;0.93;0.011;0.038;623;32;2.8;38.9;0.023037379
0.22;0.39;3.6;0.63;0.013;0.033;624;29;2.6;40;0
0.24;0.21;6.4;0.72;0.018;0.035;625;31;2.2;36.7;0.077860369
0.22;0.27;7;0.84;0.018;0.034;626;33;2.3;36.1;0.036311121
0.22;0.25;7.3;1.15;0.02;0.038;627;31;2.6;36.1;0.047847861
0.17;0.31;7;1.15;0.019;0.035;628;29;2;36.5;0.025043685
0.16;0.23;6.9;0.76;0.022;0.033;629;29;2.1;36.9;0.103941127
0.17;0.26;7.7;0.89;0.021;0.038;630;29;2.7;39.4;0.08714
0.21;0.23;5.3;0.51;0.016;0.032;631;29;2.5;35.3;0.040848988
0.23;0.24;4.6;0.63;0.011;0.032;632;30;2.6;37.5;0.01696725
0.21;0.31;3.6;0.83;0.024;0.032;633;28;2.4;40;0.002490961
0.21;0.39;3.6;1.17;0.022;0.03;634;33;2.8;40.1;0
0.22;0.38;6.6;1.07;0.023;0.037;635;31;2.5;37.1;0.006125469
0.17;0.31;5.9;1.29;0.013;0.029;636;32;2.2;44.5;0.014208463
0.24;0.24;6.6;1.2;0.011;0.027;637;32;2.3;40.3;0.031104922
0.21;0.3;7.2;0.66;0.023;0.036;638;29;2.6;44.9;0.045780885
0.23;0.28;5;1.12;0.023;0.04;639;28;2.1;36.4;0.009368256
0.16;0.24;7.6;1.04;0.013;0.028;640;32;2.1;35.7;0.076707545
0.17;0.34;6.8;0.95;0.022;0.029;641;28;2;40.9;0.020021774
0.19;0.25;3.7;0.56;0.016;0.025;642;29;2.2;35.7;0.009006649
0.16;0.31;5.1;1.01;0.018;0.027;643;28;2.1;38.3;0.009898884
0.16;0.31;7.2;0.64;0.019;0.035;644;30;2;43.8;0.052395472
0.18;0.22;6.5;0.65;0.01;0.03;645;32;2.8;35.5;0.078411626
0.24;0.23;3.6;1.21;0.02;0.025;646;31;2.2;38.1;0.004390971
0.22;0.31;3.2;0.95;0.019;0.04;647;32;2.6;43.7;0.001399976
0.22;0.39;5.6;0.71;0.01;0.035;648;29;2.6;36.4;0.003516504
0.19;0.4;6.9;1.04;0.022;0.039;649;29;2.2;37.6;0.008519505
0.18;0.25;5.8;1.16;0.017;0.03;650;32;2.1;43.2;0.03037453
0.22;0.24;6.1;0.66;0.025;0.028;651;30;2.2;40.8;0.048648041
0.18;0.34;4.4;1.22;0.02;0.032;652;31;2.5;35.3;0.001808836
0.25;0.35;6.8;1.15;0.015;0.031;653;30;2.1;43.2;0.009167929
0.22;0.35;4.3;0.59;0.011;0.038;654;30;2.1;38;0.003729915
0.19;0.2;6.8;1.04;0.012;0.038;655;28;2.7;40.9;0.125474733
0.22;0.32;5.1;0.78;0.018;0.036;656;31;2.4;39.7;0.007754676
0.2;0.22;5.6;1.02;0.018;0.038;657;32;2.2;44.6;0.051115987
0.2;0.33;6.7;0.78;0.015;0.033;658;30;2.2;37.4;0.017448817
0.25;0.27;3.8;0.66;0.009;0.033;659;28;2;42;0.00586451
0.25;0.33;3.8;0.55;0.018;0.035;660;32;2.8;44.8;0.002826791
0.23;0.27;6.5;0.54;0.01;0.026;661;33;2.3;39.5;0.034503692
0.22;0.21;7.5;0.57;0.016;0.027;662;32;2.7;44.1;0.158572528
0.17;0.32;7.8;1.26;0.022;0.029;663;30;2.6;40;0.027770315
0.18;0.38;5.8;0.55;0.02;0.028;664;32;2.3;36;0.008762505
0.15;0.37;6.3;0.62;0.015;0.037;665;31;2.4;42.6;0.018679136
0.21;0.22;5.3;0.61;0.021;0.029;666;31;2.8;41.9;0.047222735
0.21;0.23;5.6;1.2;0.012;0.038;667;30;2.7;38.3;0.027986649
0.17;0.29;3.9;1.11;0.014;0.03;668;32;2;35.5;0.003859595
0.2;0.32;6.7;0.91;0.022;0.029;669;32;2.1;42.7;0.019914713
0.21;0.28;4.1;1.09;0.011;0.037;670;29;2.2;41.6;0.005248485
0.19;0.36;7.3;0.77;0.018;0.037;671;32;2.1;37.3;0.018559873
0.23;0.23;4.5;0.6;0.023;0.032;672;33;2.4;43.4;0.02430543
0.19;0.2;2.8;0.72;0.018;0.034;673;28;2.5;37.4;0.008811816
0.24;0.21;7.6;0.96;0.01;0.034;674;33;2;40.6;0.102194679
0.18;0.35;5.4;0.99;0.017;0.037;675;33;2;40.1;0.007406508
0.16;0.21;6.3;0.77;0.012;0.04;676;30;2.5;36.4;0.105983278
0.21;0.31;7.1;1.08;0.024;0.026;677;30;2.3;44.9;0.022817836
0.21;0.27;5.5;1.06;0.02;0.039;678;32;2.6;44.4;0.01935414
0.21;0.25;3.2;0.67;0.024;0.039;679;33;2.7;40.6;0.005965489
0.15;0.32;7.8;0.96;0.015;0.028;680;33;2.3;41.1;0.037606165
0.22;0.33;5.5;1.17;0.014;0.037;681;31;2.4;43.7;0.006463237
0.24;0.21;5.3;0.95;0.012;0.03;682;30;2.3;44.7;0.03584413
0.25;0.36;4.6;0.96;0.023;0.035;683;31;2.6;41.5;0.001295013
0.17;0.22;3.1;0.83;0.015;0.032;684;32;2.3;37.3;0.007646113
0.24;0.29;6.9;0.56;0.012;0.032;685;29;2.8;35.1;0.026909367
0.17;0.36;5.2;0.59;0.025;0.026;686;29;2.3;37.6;0.007962734
0.17;0.25;7.6;1.09;0.016;0.036;687;31;2.1;44.4;0.084365795
0.16;0.33;4.7;0.99;0.012;0.034;688;29;2.2;37.7;0.005619566
0.18;0.36;2.9;0.71;0.011;0.039;689;31;2.6;44.4;0.000767287
0.24;0.36;6.7;1;0.011;0.033;690;30;2.5;44.3;0.008300133
0.18;0.39;7.5;0.82;0.025;0.03;691;30;2.6;41.1;0.015427027
0.16;0.22;6.6;1.16;0.021;0.039;692;30;2.2;39.8;0.090317864
0.19;0.23;6.3;1.12;0.015;0.034;693;31;2.7;40.7;0.047947387
0.19;0.24;6.4;0.85;0.014;0.032;694;28;2.1;44.5;0.057950461
0.22;0.36;3.1;0.69;0.017;0.027;695;31;2.5;37.2;0
0.2;0.38;4.9;0.81;0.009;0.04;696;29;2.6;37.5;0.002363201
0.2;0.24;4.5;0.53;0.025;0.038;697;33;2.6;41.2;0.027054921
0.22;0.21;2.9;1.03;0.024;0.028;698;29;2.7;40.6;0.004250773
0.19;0.2;6.4;0.65;0.016;0.029;699;30;2.2;35.7;0.102279675
0.24;0.33;7.9;0.51;0.023;0.031;700;33;2.2;36.1;0.030593116
0.22;0.38;7.7;0.57;0.022;0.029;701;30;2.5;43.9;0.020644551
0.15;0.36;6.9;1.17;0.014;0.035;702;33;2.8;36.9;0.012163467
0.19;0.35;7.7;0.86;0.01;0.031;703;31;2.8;40.7;0.020032613
0.2;0.3;5.3;0.68;0.011;0.031;704;33;2.1;38.6;0.012186026
0.17;0.39;4.8;1.1;0.016;0.027;705;32;2.5;35.9;0.001274818
0.24;0.35;5.9;0.93;0.009;0.034;706;33;2.3;44.2;0.00663114
0.19;0.28;6.2;0.54;0.015;0.028;707;31;2.5;38.2;0.031494408
0.2;0.24;3;1.29;0.008;0.032;708;32;2.2;38.1;0.002011422
0.24;0.32;4;0.74;0.009;0.026;709;30;2.2;44.8;0.002699107
0.17;0.2;7.5;1.12;0.013;0.027;710;33;2;37.2;0.121544793
0.18;0.28;6.5;0.7;0.011;0.029;711;29;2.3;37.4;0.031352012
0.19;0.3;7.2;0.7;0.019;0.031;712;33;2.4;39.6;0.035066309
0.25;0.35;7.8;1.15;0.012;0.032;713;33;2.7;37.6;0.008753024
0.23;0.22;4.9;0.57;0.024;0.033;714;28;2;40.8;0.038002021
0.25;0.29;6.9;0.97;0.01;0.028;715;31;2.1;43.1;0.020193394
0.18;0.33;3.5;0.66;0.022;0.036;716;32;2.3;36.8;0.002427707
0.21;0.38;6.7;0.67;0.021;0.033;717;29;2.5;44.6;0.012589735
0.19;0.27;4.1;0.92;0.025;0.029;718;29;2.7;42.5;0.007223843
0.2;0.21;4.4;1;0.021;0.035;719;30;2.4;44.8;0.027534519
0.18;0.29;3;1.12;0.018;0.039;720;32;2.7;35;0.000630595
0.24;0.23;3.7;0.57;0.023;0.039;721;31;2.6;44.4;0.014370575
0.17;0.23;3.8;0.52;0.015;0.025;722;32;2.1;37.9;0.015497561
0.2;0.23;4.5;1.2;0.009;0.037;723;29;2.5;37.5;0.012684231
0.17;0.36;4.8;0.81;0.023;0.033;724;32;2.4;39.5;0.004809754
0.19;0.32;8;0.57;0.017;0.027;725;28;2.1;37.1;0.041132167
0.25;0.33;5.4;0.53;0.017;0.027;726;30;2.7;44.3;0.008782364
0.19;0.29;7.1;0.91;0.021;0.031;727;28;2.5;44.4;0.036980771
0.25;0.27;3.2;0.98;0.023;0.04;728;31;2.2;41.6;0.002242817
0.15;0.32;6.1;1.16;0.01;0.036;729;28;2.4;40.6;0.015388433
0.25;0.33;6.8;1.08;0.023;0.025;730;30;2.2;40.4;0.009414682
0.21;0.34;5;0.93;0.012;0.03;731;31;2;44.8;0.005263416
0.22;0.33;5.1;1.12;0.02;0.037;732;30;2.6;41;0.003800521
0.22;0.2;4.7;1.11;0.021;0.035;733;32;2.1;44.1;0.033346732
0.16;0.22;5.9;1.08;0.011;0.031;734;31;2;41;0.052505091
0.17;0.39;5.3;0.68;0.011;0.039;735;31;2.3;36.6;0.005173231
0.25;0.38;7.7;1.05;0.008;0.029;736;31;2.7;40.5;0.006006276
0.19;0.38;3.7;0.52;0.022;0.038;737;32;2.1;40.3;0.002263811
0.22;0.29;6.7;0.77;0.011;0.033;738;28;2.3;42;0.02635933
0.17;0.27;4.5;0.92;0.025;0.036;739;29;2;43.2;0.014163848
0.22;0.3;6.4;0.68;0.014;0.037;740;31;2.5;38.4;0.020413629
0.25;0.3;3.6;0.99;0.024;0.031;741;29;2.6;44.2;0.00094451
0.15;0.38;4.6;0.75;0.012;0.034;742;32;2.4;43.9;0.004654031
0.21;0.36;5.6;0.77;0.017;0.036;743;28;2.7;44.2;0.006705606
0.18;0.29;3.6;1.21;0.015;0.038;744;31;2.2;37.9;0.002504344
0.23;0.32;5.9;1.28;0.009;0.035;745;29;2.3;43.1;0.006600939
0.17;0.21;4.8;0.7;0.024;0.036;746;28;2.8;41.2;0.051903224
0.23;0.21;5.8;1.17;0.018;0.04;747;31;2.4;44;0.050930383
0.22;0.33;4.3;0.98;0.018;0.036;748;31;2.5;38.2;0.001700861
0.16;0.27;7.7;1.07;0.025;0.038;749;30;2.8;42.9;0.070497759
0.19;0.39;4.5;0.7;0.019;0.03;750;31;2.4;42;0.002498369
0.16;0.36;6.1;0.77;0.021;0.039;751;30;2.6;40.2;0.012839328
0.21;0.39;7.8;0.69;0.012;0.036;752;31;2.7;42;0.015465042
0.17;0.22;5.8;0.84;0.024;0.036;753;28;2.4;39.5;0.065412618
0.16;0.25;4.8;1.04;0.01;0.032;754;31;2.1;43.4;0.018488799
0.23;0.39;5.5;1.11;0.019;0.026;755;29;2.3;38.3;0
0.2;0.27;5.3;0.71;0.013;0.029;756;33;2.5;44.4;0.018601744
0.24;0.24;6;1.03;0.025;0.026;757;31;2.5;35.7;0.020801986
0.21;0.29;5.8;1.03;0.014;0.039;758;29;2.3;36.9;0.01246283
0.24;0.36;7.6;0.84;0.024;0.038;759;30;2.7;39.7;0.013444516
0.18;0.31;4.2;1.16;0.013;0.035;760;29;2.2;36.2;0.002679622
0.25;0.22;3.2;0.61;0.018;0.028;761;30;2.5;40;0.006098681
0.18;0.29;4.3;0.84;0.012;0.027;762;32;2.6;38.5;0.005242254
0.2;0.28;4.9;0.54;0.018;0.032;763;28;2;39.9;0.015976312
0.16;0.37;2.9;0.58;0.01;0.036;764;28;2.1;44;0.001212559
0.19;0.29;5.2;0.79;0.013;0.036;765;32;2.2;42.2;0.013878743
0.25;0.37;7.6;1.11;0.013;0.036;766;32;2.2;42;0.009310112
0.21;0.35;3.7;0.73;0.019;0.035;767;30;2;38.9;0.001604094
0.21;0.22;5;1.14;0.011;0.039;768;30;2.2;38.6;0.023383885
0.22;0.26;7.3;0.91;0.009;0.039;769;31;2.8;36.8;0.038850184
0.18;0.38;3.4;1.11;0.016;0.028;770;31;2.3;41.7;0
0.25;0.23;4.3;0.84;0.015;0.032;771;30;2.5;44.2;0.01238915
0.21;0.21;7.5;0.92;0.023;0.028;772;32;2;35.4;0.093691142
0.22;0.34;5.8;0.52;0.017;0.032;773;31;2.4;44.6;0.012811765
0.18;0.3;7.3;0.86;0.018;0.032;774;33;2.4;37.6;0.029744554
0.25;0.34;5.1;0.73;0.014;0.038;775;29;2.1;35.3;0.003672264
0.21;0.37;6.1;0.9;0.011;0.025;776;33;2.6;36.9;0.003719948
0.19;0.28;2.8;0.9;0.017;0.033;777;30;2.2;40.5;0.001370112
0.16;0.24;5;0.74;0.013;0.037;778;33;2.2;44.1;0.033448081
0.15;0.33;3;0.78;0.011;0.035;779;29;2.7;37;0.000782396
0.23;0.2;6.9;1.05;0.024;0.031;780;30;2.1;38.3;0.086132854
0.2;0.38;6.4;0.67;0.023;0.035;781;33;2.8;37.3;0.007877277
0.23;0.3;6.7;1.16;0.023;0.036;782;32;2.5;44.7;0.017535649
0.18;0.34;6.6;0.99;0.012;0.025;783;31;2.3;42.8;0.012469308
0.2;0.34;3.3;1.23;0.021;0.031;784;31;2.3;43.5;0
0.24;0.31;3.7;0.57;0.017;0.039;785;32;2.1;38.2;0.002978907
0.22;0.3;6.4;0.55;0.024;0.04;786;30;2.4;37.4;0.02532677
0.16;0.39;3.6;1.27;0.024;0.035;787;33;2.7;37.1;0
0.16;0.27;4.7;0.61;0.022;0.03;788;32;2;36.7;0.016226948
0.21;0.35;5.4;1.09;0.009;0.033;789;31;2.1;43.6;0.00450661
0.21;0.35;7.1;0.52;0.019;0.026;790;32;2.1;41.3;0.02018402
0.2;0.21;5.1;1.02;0.02;0.033;791;31;2.5;37.3;0.030549045
0.2;0.21;7.6;0.81;0.015;0.031;792;28;2.1;42.4;0.136029225
0.18;0.25;7.2;0.83;0.016;0.033;793;32;2.4;42;0.064722534
0.18;0.25;5.9;0.69;0.022;0.035;794;31;2.1;44.9;0.04707963
0.25;0.22;4.9;1.08;0.01;0.038;795;32;2.5;38.6;0.016271891
0.18;0.38;5.9;0.65;0.018;0.028;796;29;2.7;35.7;0.005760052
0.21;0.36;6;1.05;0.021;0.026;797;32;2.3;36.7;0.003895497
0.19;0.29;3.4;0.88;0.022;0.028;798;29;2;35.6;0.00199776
0.17;0.24;4.8;1.01;0.009;0.027;799;33;2.6;36.8;0.013571104
0.2;0.23;4.5;1.17;0.016;0.026;800;29;2.5;44.2;0.01264692
0.24;0.3;5.5;0.9;0.01;0.032;801;32;2.4;39.7;0.007189066
0.24;0.27;6.7;1.18;0.009;0.039;802;29;2.7;39.3;0.018514978
0.22;0.22;6.1;0.63;0.013;0.026;803;29;2.3;44.1;0.057162604
0.17;0.2;3.2;0.83;0.011;0.037;804;32;2.3;36;0.011294235
0.24;0.27;2.9;0.76;0.023;0.036;805;32;2.3;40.1;0.001579988
0.21;0.25;7.4;0.61;0.025;0.027;806;29;2.4;38.4;0.066727285
0.23;0.32;7.2;1.21;0.024;0.03;807;32;2.2;39.2;0.012756137
0.17;0.38;7.7;0.78;0.021;0.025;808;31;2.2;41.6;0.017988327
0.21;0.32;6;0.5;0.017;0.028;809;30;2.8;43.6;0.016969165
0.22;0.38;4;1.24;0.008;0.027;810;29;2;40.8;0
0.15;0.4;7.1;0.61;0.009;0.036;811;32;2.4;37.8;0.014752103
0.24;0.22;5.9;1.17;0.015;0.035;812;29;2.2;37.4;0.029626567
0.16;0.27;7.7;1.08;0.024;0.03;813;29;2.6;36.4;0.049244369
0.19;0.39;3.1;0.56;0.013;0.035;814;29;2.4;41.8;0.000464517
0.23;0.34;3.5;1.26;0.018;0.037;815;31;2.6;38.5;0
0.19;0.39;5.8;0.51;0.02;0.03;816;28;2.6;39.2;0.007050563
0.2;0.27;7.1;1.26;0.022;0.025;817;29;2.5;38.5;0.024305362
0.15;0.36;7.4;0.6;0.017;0.036;818;32;2.6;42.3;0.029141598
0.19;0.31;4.2;0.73;0.012;0.027;819;30;2.8;36.6;0.00258693
0.21;0.2;7;0.52;0.022;0.039;820;32;2.8;43.9;0.197007498
0.23;0.26;5;0.73;0.008;0.031;821;28;2.5;38;0.010886937
0.24;0.27;5.4;1.14;0.016;0.039;822;31;2.1;38;0.01022782
0.23;0.32;7.5;1.07;0.018;0.025;823;33;2.2;42.9;0.016338346
0.24;0.22;5.1;1.13;0.008;0.035;824;28;2.7;41.9;0.018269787
0.17;0.29;6.6;1.11;0.011;0.04;825;29;2.1;43.5;0.027963543
0.18;0.29;3.3;0.87;0.008;0.026;826;29;2.1;37.4;0.00157715
0.2;0.23;4.5;0.76;0.011;0.034;827;30;2.3;40.3;0.017873962
0.17;0.25;4.5;0.57;0.01;0.036;828;33;2.2;36.8;0.01765302
0.18;0.36;3.8;0.52;0.024;0.034;829;29;2.7;35.8;0.001757833
0.16;0.28;7.2;1;0.017;0.027;830;28;2.6;35.6;0.031730556
0.18;0.37;4;0.6;0.02;0.04;831;33;2.1;42.1;0.003054514
0.15;0.31;4.5;0.5;0.021;0.037;832;29;2.4;44.3;0.013628431
0.25;0.34;3.7;1.3;0.014;0.038;833;33;2.2;42.7;0
0.25;0.38;5.5;1.14;0.024;0.039;834;29;2.2;40.1;0.001275529
0.22;0.39;3.6;0.78;0.018;0.035;835;30;2.6;35.3;0
0.16;0.34;4.5;1.08;0.019;0.025;836;29;2;42.7;0.00372443
0.19;0.4;3.4;0.76;0.017;0.027;837;28;2.6;41.7;0
0.16;0.22;5.3;0.75;0.014;0.037;838;33;2.1;35.7;0.042409608
0.16;0.4;3.9;0.7;0.008;0.036;839;33;2.2;38.9;0.00145474
0.2;0.35;4.2;0.8;0.012;0.036;840;29;2.2;43.5;0.002512879
0.25;0.34;5.6;0.91;0.022;0.038;841;29;2.4;40.5;0.004391313
0.22;0.29;3.8;0.67;0.009;0.033;842;31;2.4;35.3;0.002466756
0.22;0.24;6.8;0.62;0.009;0.038;843;31;2.7;41.2;0.059862487
0.24;0.21;7.7;0.93;0.009;0.036;844;32;2.6;38.4;0.089479387
0.18;0.29;7.3;0.74;0.024;0.026;845;31;2.5;43;0.040016295
0.18;0.25;5;0.88;0.01;0.038;846;30;2.6;38.9;0.017720252
0.18;0.37;7.4;1.1;0.016;0.029;847;29;2.3;40.9;0.01126851
0.18;0.33;5.2;0.52;0.014;0.039;848;31;2.4;39;0.010823301
0.22;0.27;6.8;0.93;0.012;0.032;849;30;2.1;44.8;0.030385593
0.19;0.4;5;1.02;0.015;0.038;850;33;2.4;44.4;0.002122703
0.17;0.35;5.3;0.6;0.013;0.036;851;32;2.3;38.8;0.008340706
0.17;0.27;7.4;0.53;0.013;0.029;852;32;2.2;37.8;0.061251686
0.24;0.36;6.9;1.26;0.009;0.035;853;30;2.6;44.6;0.004505817
0.16;0.27;6.5;0.84;0.018;0.034;854;32;2.6;36.2;0.032634493
0.18;0.23;5.7;0.56;0.019;0.03;855;31;2.8;42.3;0.052834687
0.19;0.25;6.4;1.23;0.009;0.027;856;31;2.5;41.5;0.025004076
0.19;0.22;3.1;0.8;0.018;0.029;857;30;2.4;43.4;0.00659418
0.24;0.33;5.6;1.16;0.022;0.026;858;31;2.4;38.5;0.00213115
0.21;0.39;7.1;0.82;0.014;0.028;859;30;2.1;41.7;0.008589001
0.21;0.27;3.4;1.15;0.012;0.034;860;31;2.1;43.7;0.002249483
0.21;0.38;7.8;1.15;0.016;0.027;861;32;2.6;38.6;0.006495109
0.24;0.31;7.7;0.82;0.013;0.039;862;33;2.6;38.1;0.02179786
0.21;0.33;4.7;1.14;0.018;0.031;863;32;2.7;37.4;0
0.17;0.21;2.8;1.24;0.023;0.038;864;30;2.3;41.8;0.005881766
0.21;0.36;7;0.98;0.015;0.032;865;32;2.2;38.5;0.008605511
0.18;0.21;7.8;0.51;0.01;0.032;866;30;2.1;36.6;0.172222594
0.16;0.34;7.3;1.18;0.023;0.028;867;31;2.5;44.1;0.018354447
0.2;0.37;6.6;0.69;0.013;0.038;868;31;2.1;41.3;0.011257343
0.22;0.39;7.3;0.74;0.017;0.036;869;31;2.3;42.2;0.010485586
0.21;0.29;6.3;0.59;0.014;0.039;870;32;2.8;40.5;0.024566465
0.18;0.21;5.8;0.71;0.02;0.029;871;29;2.5;36.6;0.057324915
0.21;0.3;3.9;0.86;0.019;0.031;872;31;2.5;43.9;0.00279398
0.25;0.38;4.6;1.13;0.012;0.038;873;31;2.1;38;0
0.24;0.39;3.8;1.03;0.015;0.032;874;31;2.1;41.3;0
0.2;0.2;8;1.09;0.024;0.038;875;29;2.8;41.1;0.177718691
0.19;0.25;4.7;1.02;0.019;0.039;876;32;2.3;41.7;0.014454312
0.22;0.27;5.7;0.78;0.017;0.025;877;31;2.1;37.2;0.014036003
0.22;0.32;4.3;0.83;0.018;0.03;878;31;2.1;43.2;0.003203285
0.25;0.29;3.4;0.96;0.015;0.038;879;31;2.6;44.9;0.000786349
0.17;0.38;6.2;0.89;0.016;0.028;880;29;2;38.1;0.006665057
0.22;0.33;6.6;0.98;0.02;0.038;881;29;2.2;36.2;0.009506443
0.19;0.36;6.3;0.96;0.024;0.037;882;28;2.3;41.8;0.008804372
0.18;0.31;3.6;1.12;0.008;0.039;883;28;2.1;43.4;0.001880203
0.24;0.38;5.8;1.29;0.015;0.028;884;29;2.8;35;0
0.19;0.28;7.1;1.21;0.018;0.033;885;28;2.5;42.8;0.028292992
0.2;0.35;2.9;1.2;0.011;0.027;886;29;2.5;38.1;0
0.18;0.26;4.4;1.08;0.009;0.032;887;33;2.6;35.1;0.005349
0.23;0.31;4.3;0.82;0.017;0.038;888;31;2.6;42.7;0.003078486
0.23;0.28;3.9;0.95;0.024;0.029;889;31;2.7;37.5;0.001208143
0.21;0.39;3.2;0.85;0.017;0.034;890;29;2.6;38.9;0
0.21;0.4;6.7;0.67;0.023;0.033;891;29;2.5;39.4;0.006699019
0.21;0.31;7.8;1.18;0.022;0.033;892;31;2.6;41.2;0.021224796
0.15;0.27;7.7;1.01;0.019;0.039;893;32;2.8;35.8;0.054209294
0.24;0.36;4.1;1.21;0.009;0.027;894;33;2.6;36.8;0
0.19;0.34;5.4;0.68;0.011;0.03;895;28;2.1;41.7;0.007740895
0.25;0.35;3.8;0.65;0.013;0.037;896;31;2.2;43;0.001173674
0.25;0.24;2.9;1.07;0.009;0.035;897;29;2.1;38.7;0.000758743
0.23;0.31;2.8;1.19;0.015;0.04;898;28;2.1;36.4;0
0.24;0.28;6.7;0.77;0.025;0.034;899;33;2.6;41.8;0.024377903
0.25;0.31;6.3;0.83;0.02;0.028;900;30;2.7;35;0.005956552
0.18;0.26;6.1;0.86;0.01;0.03;901;30;2.6;44.5;0.028973464
0.22;0.32;3.5;0.58;0.013;0.032;902;32;2.8;37.2;0.000739093
0.16;0.28;6.2;0.91;0.021;0.036;903;32;2.8;42.2;0.027486262
0.25;0.35;3.2;0.78;0.022;0.033;904;28;2.7;41.4;0
0.15;0.28;6.8;1.24;0.013;0.026;905;29;2.4;38.5;0.024143277
0.24;0.24;3.8;1.27;0.01;0.028;906;31;2.6;41;0.00126457
0.2;0.31;4.5;0.59;0.009;0.034;907;32;2.2;43.8;0.006830435
0.22;0.32;6.8;1.16;0.023;0.036;908;32;2.1;40.1;0.012046711
0.22;0.31;5.7;1.2;0.017;0.034;909;32;2.4;43.9;0.006750084
0.22;0.39;7.9;1.2;0.021;0.038;910;32;2.1;41.1;0.008746511
0.22;0.25;5.4;1.1;0.018;0.032;911;29;2.8;41.4;0.013104376
0.24;0.37;5.6;1.04;0.009;0.028;912;31;2.2;41.5;0.001497839
0.19;0.25;3.1;1.26;0.02;0.032;913;30;2.7;44.5;0.001593495
0.21;0.24;3.8;0.58;0.023;0.036;914;32;2.3;35.8;0.009260537
0.2;0.34;3.4;0.85;0.024;0.033;915;32;2.3;36.1;0
0.21;0.3;7.4;1.26;0.008;0.028;916;31;2.6;42.2;0.01527514
0.24;0.23;6.6;0.66;0.015;0.028;917;31;2.1;44.3;0.051826726
0.24;0.25;7.9;0.94;0.02;0.033;918;32;2.2;40.8;0.052603277
0.2;0.21;5.6;1.17;0.022;0.033;919;30;2.1;39.7;0.038515025
0.24;0.32;7.8;0.51;0.02;0.04;920;29;2.5;38;0.030889196
0.2;0.36;5.9;1.11;0.018;0.029;921;30;2.5;44.2;0.003995194
0.16;0.37;6.5;1.21;0.014;0.032;922;32;2.2;38.7;0.006847701
0.16;0.37;6.9;1.23;0.01;0.025;923;32;2.3;38.6;0.006989067
0.21;0.28;6.1;1.12;0.022;0.026;924;31;2.6;37.6;0.010245452
0.22;0.36;7.8;0.91;0.019;0.029;925;32;2.5;36.1;0.009476335
0.23;0.25;6.6;1.05;0.017;0.028;926;29;2.6;43.3;0.026376418
0.19;0.31;4.2;1;0.012;0.036;927;32;2.5;38.8;0.002227911
0.19;0.25;6.8;0.69;0.012;0.035;928;29;2.3;36.5;0.046100985
0.25;0.37;4.1;1.1;0.017;0.038;929;31;2.7;35.9;0
0.21;0.3;4.7;0.8;0.021;0.031;930;29;2.2;40.4;0.005722731
0.18;0.36;7.6;0.8;0.009;0.028;931;28;2.1;35.4;0.013631261
0.16;0.37;2.9;0.67;0.013;0.031;932;31;2.1;35.4;0.000306993
0.2;0.36;5.4;0.5;0.011;0.04;933;30;2;39.1;0.007639391
0.2;0.31;6.9;1.28;0.021;0.03;934;31;2.2;43.3;0.01461788
0.22;0.35;6.9;0.53;0.016;0.031;935;28;2.5;42;0.015354673
0.19;0.27;3.8;0.8;0.009;0.032;936;29;2.3;41.4;0.004544953
0.18;0.36;5.8;0.95;0.025;0.036;937;32;2.5;40.4;0.005987866
0.17;0.31;4.7;1.13;0.011;0.038;938;29;2.3;43.2;0.005407572
0.19;0.39;3.2;0.71;0.009;0.026;939;33;2.5;42.8;0
0.15;0.31;5.7;1.2;0.012;0.035;940;32;2.5;40.5;0.010370402
0.23;0.32;4.2;0.53;0.015;0.036;941;31;2.7;38.2;0.002783509
0.17;0.31;3;1.17;0.013;0.039;942;30;2.4;41.2;0
0.17;0.29;4.8;0.6;0.011;0.036;943;30;2.2;44.9;0.013894109
0.24;0.29;6;1.07;0.023;0.027;944;30;2.1;41.7;0.009743042
0.22;0.34;7;0.5;0.023;0.039;945;32;2.2;42.2;0.021878615
0.21;0.29;7.4;0.97;0.009;0.029;946;30;2.1;36.3;0.020396944
0.18;0.34;6.9;0.51;0.013;0.03;947;31;2;39;0.020686921
0.23;0.37;8;1.17;0.018;0.037;948;29;2;35.2;0.00768542
0.25;0.32;7.6;0.72;0.009;0.026;949;32;2.3;40.3;0.016345676
0.21;0.33;6.3;1.21;0.012;0.038;950;28;2.7;38.3;0.003729265
0.2;0.38;6.1;1.3;0.018;0.039;951;30;2.7;42.1;0
0.18;0.33;3.8;1.15;0.012;0.038;952;29;2.3;37.3;0
0.15;0.33;4.9;1.16;0.016;0.039;953;31;2.6;36.7;0.003895043
0.19;0.23;4.1;1.15;0.017;0.039;954;30;2.5;42.5;0.011071136
0.19;0.33;5.7;0.93;0.014;0.033;955;29;2.1;36.1;0.00610752
0.22;0.36;6.7;1.26;0.017;0.037;956;30;2.6;35.2;0
0.23;0.27;7.6;1.25;0.008;0.028;957;31;2.2;41.6;0.023969134
0.19;0.22;5.9;1.28;0.023;0.032;958;30;2.8;41.3;0.035488224
0.18;0.28;5.9;0.91;0.014;0.033;959;31;2.7;37.2;0.014558441
0.25;0.22;4.6;1.27;0.023;0.032;960;30;2.5;39.4;0.009370471
0.23;0.3;6.3;0.75;0.009;0.037;961;32;2.8;39.9;0.012543083
0.24;0.32;6.2;0.65;0.02;0.025;962;32;2.7;35.2;0.006803762
0.18;0.34;5;0.73;0.015;0.033;963;28;2.6;36.6;0.003774629
0.16;0.4;3.2;0.68;0.016;0.03;964;32;2.8;39;0
0.23;0.22;3.3;0.77;0.023;0.038;965;28;2.1;43.1;0.008000463
0.18;0.22;5.2;1.22;0.022;0.028;966;31;2.7;36.1;0.019277596
0.25;0.2;5.5;1.28;0.015;0.037;967;32;2.7;37.9;0.026839294
0.15;0.39;7.1;0.69;0.011;0.028;968;29;2.1;41.3;0.013963294
0.18;0.38;6.8;1.18;0.023;0.035;969;28;2.8;39.9;0.004168527
0.21;0.23;4;0.86;0.02;0.036;970;31;2.7;41.8;0.010133051
0.24;0.4;4.6;1.25;0.014;0.029;971;30;2.1;37.1;0
0.16;0.34;6.4;0.75;0.011;0.035;972;28;2.1;41.3;0.015550354
0.2;0.38;3.7;0.79;0.011;0.027;973;32;2;37.1;0
0.18;0.21;7.6;0.77;0.018;0.027;974;31;2.3;35.3;0.103791074
0.2;0.29;5.5;0.87;0.025;0.037;975;32;2.5;38.4;0.011075662
0.25;0.24;5.3;0.73;0.022;0.035;976;29;2.3;35.5;0.016806807
0.23;0.24;3.1;1.09;0.012;0.026;977;28;2.4;41.4;0
0.24;0.27;5.8;1.05;0.023;0.032;978;31;2.4;38.5;0.010403707
0.25;0.24;3.6;0.83;0.019;0.027;979;30;2.6;40;0.002538286
0.23;0.25;6.4;1.13;0.008;0.026;980;30;2.6;43.4;0.017989379
0.23;0.22;4.2;0.95;0.014;0.026;981;32;2.4;38;0.007509076
0.18;0.33;3.2;1;0.024;0.029;982;30;2.4;35.6;0
0.2;0.29;3.1;0.97;0.011;0.033;983;29;2.2;35.5;0
0.24;0.21;3.6;1.03;0.009;0.029;984;33;2.8;38.3;0.003362858
0.24;0.36;6;0.94;0.023;0.04;985;31;2.4;40.4;0.003769051
0.22;0.36;7.8;1.09;0.013;0.035;986;33;2.1;38;0.009570373
0.22;0.27;6.4;0.75;0.009;0.034;987;30;2.1;38.1;0.021676491
0.22;0.25;7.5;1.11;0.01;0.033;988;29;2.2;42.1;0.040921133
0.18;0.28;4.1;0.94;0.024;0.036;989;30;2.2;39.2;0.005312926
0.23;0.37;4.4;0.7;0.011;0.038;990;31;2.1;35.6;0.000858278
0.17;0.25;5;0.83;0.023;0.029;991;30;2.4;42.4;0.019165796
0.18;0.38;3.4;0.53;0.024;0.026;992;28;2.2;41.4;0.000918902
0.24;0.25;6.2;0.9;0.02;0.039;993;32;2.3;43.7;0.028334361
0.22;0.23;4.2;1.03;0.023;0.026;994;30;2.2;40.3;0.00783458
0.2;0.26;6.8;0.79;0.008;0.038;995;30;2.2;37.8;0.034018944
0.17;0.38;5.2;0.56;0.023;0.036;996;29;2.3;44.9;0.006815597
0.17;0.29;4.6;0.59;0.021;0.025;997;30;2.1;40.8;0.009709788
0.15;0.22;3.5;0.55;0.011;0.029;998;31;2.7;41.6;0.013583324
0.18;0.34;7.2;1.27;0.012;0.03;999;32;2.6;41.2;0.009459586
0.25;0.28;4.5;1.09;0.01;0.026;1000;31;2.7;38.8;0
0.2;0.33;7.6;1.11;0.018;0.027;1001;31;2.3;40.5;0.013766833
0.16;0.37;6.6;1.09;0.02;0.027;1002;30;2.3;39.2;0.006998757
0.19;0.28;7.9;0.52;0.022;0.038;1003;29;2.7;39.6;0.066955458
0.21;0.23;6.6;0.93;0.019;0.039;1004;31;2.3;36.3;0.044460911
0.2;0.23;5.4;1.01;0.025;0.03;1005;29;2.2;39.4;0.023538426
0.16;0.28;3.1;0.76;0.008;0.031;1006;31;2.7;42.7;0.002016329
0.21;0.29;3.6;1.04;0.013;0.036;1007;31;2.6;43.7;0.000974348
0.17;0.21;3.5;0.51;0.013;0.037;1008;32;2;43.2;0.018875359
0.23;0.22;2.8;0.72;0.014;0.033;1009;30;2.4;41.8;0.003071774
0.2;0.27;3.3;1.12;0.011;0.04;1010;32;2.8;45;0.001250959
0.18;0.24;4.7;0.96;0.019;0.034;1011;28;2;42.4;0.017124495
0.22;0.29;3.3;1.17;0.012;0.026;1012;28;2.7;38.5;0
0.24;0.23;6.1;0.65;0.015;0.033;1013;29;2.5;40.5;0.037238648
0.19;0.21;4.3;0.61;0.014;0.033;1014;28;2;43.6;0.027272298